{
    "openapi": "3.0.0",
    "info": {
        "title": "HRM Laravel Api",
        "version": "10.0"
    },
    "paths": {
        "/api/company": {
            "get": {
                "tags": [
                    "Company"
                ],
                "summary": "Get All companies",
                "description": "This endpoint retrieves information about something.",
                "operationId": "e1082949672c1524587be067b60da27c",
                "responses": {
                    "200": {
                        "description": "Successful operation"
                    },
                    "401": {
                        "description": "Unauthorized"
                    }
                }
            },
            "post": {
                "tags": [
                    "Company"
                ],
                "summary": "Create a new company",
                "description": "This endpoint creates a new company.",
                "operationId": "2dcf852c1d14efa1ca5d575024ec31da",
                "requestBody": {
                    "content": {
                        "application/x-www-form-urlencoded": {
                            "schema": {
                                "properties": {
                                    "name": {
                                        "description": "The name of the company",
                                        "type": "string",
                                        "example": "Acme Inc."
                                    },
                                    "email": {
                                        "description": "The email of the company",
                                        "type": "email",
                                        "example": "manasshakoor@gmail.com"
                                    },
                                    "address": {
                                        "description": "The address of the company",
                                        "type": "string",
                                        "example": "123 Main St, Anytown, CA"
                                    },
                                    "status": {
                                        "description": "The status of the company",
                                        "type": "string",
                                        "example": "active"
                                    },
                                    "city": {
                                        "description": "The city of the company",
                                        "type": "string",
                                        "example": "lahore"
                                    },
                                    "country": {
                                        "description": "The country of the company",
                                        "type": "string",
                                        "example": "pakistan"
                                    },
                                    "state": {
                                        "description": "The state of the company =>nullable",
                                        "type": "string",
                                        "example": "state"
                                    },
                                    "zip_code": {
                                        "description": "The zip_code of the company =>nullable",
                                        "type": "number",
                                        "example": "12345"
                                    },
                                    "registration_no": {
                                        "description": "The registration_no of the company =>nullable",
                                        "type": "number",
                                        "example": "12345"
                                    },
                                    "logo_media_id": {
                                        "description": "The logo_media_id of the company=>nullable",
                                        "type": "file",
                                        "example": ""
                                    },
                                    "document_media_id": {
                                        "description": "The document_media_id of the company =>nullable",
                                        "type": "file",
                                        "example": ""
                                    },
                                    "note": {
                                        "description": "The notes for the company =>nullable",
                                        "type": "string",
                                        "example": "abc"
                                    },
                                    "branch": {
                                        "description": "The branch of the company =>nullable",
                                        "type": "string",
                                        "example": "lahore branch"
                                    },
                                    "phone_no": {
                                        "description": "The phone_no of the company=>nullable",
                                        "type": "number",
                                        "example": "03452987687"
                                    }
                                },
                                "type": "object"
                            }
                        }
                    }
                },
                "responses": {
                    "201": {
                        "description": "Company created successfully"
                    },
                    "401": {
                        "description": "Unauthorized"
                    },
                    "422": {
                        "description": "Validation failed"
                    }
                }
            }
        },
        "/api/company/{id}": {
            "get": {
                "tags": [
                    "Company"
                ],
                "summary": "GET The company",
                "description": "This endpoint Gives a specific  company.",
                "operationId": "4122814bce2f00edb5ae2e12d507621f",
                "parameters": [
                    {
                        "name": "id",
                        "in": "path",
                        "description": "The ID of the company ",
                        "required": true,
                        "schema": {
                            "type": "integer",
                            "format": "int64"
                        }
                    }
                ],
                "responses": {
                    "200": {
                        "description": "Successful operation"
                    },
                    "401": {
                        "description": "Unauthorized"
                    }
                }
            },
            "delete": {
                "tags": [
                    "Company"
                ],
                "summary": "Delete The company",
                "description": "This endpoint delete company.",
                "operationId": "1d8da55acd8c8866baae017c135731a8",
                "parameters": [
                    {
                        "name": "id",
                        "in": "path",
                        "description": "The ID of the company to be deleted",
                        "required": true,
                        "schema": {
                            "type": "integer",
                            "format": "int64"
                        }
                    }
                ],
                "responses": {
                    "200": {
                        "description": "Successful operation"
                    },
                    "401": {
                        "description": "Unauthorized"
                    }
                }
            },
            "patch": {
                "tags": [
                    "Company"
                ],
                "summary": "Update the company",
                "description": "This endpoint updates a company.",
                "operationId": "a110a0bf049a38440b4d0f0ed402534e",
                "parameters": [
                    {
                        "name": "id",
                        "in": "path",
                        "description": "The ID of the company to be updated",
                        "required": true,
                        "schema": {
                            "type": "integer",
                            "format": "int64"
                        }
                    }
                ],
                "requestBody": {
                    "required": false,
                    "content": {
                        "application/x-www-form-urlencoded": {
                            "schema": {
                                "properties": {
                                    "name": {
                                        "description": "The name of the company",
                                        "type": "string",
                                        "example": "Acme Inc."
                                    },
                                    "address": {
                                        "description": "The address of the company",
                                        "type": "string",
                                        "example": "123 Main St, Anytown, CA"
                                    },
                                    "status": {
                                        "description": "The status of the company",
                                        "type": "string",
                                        "example": "active"
                                    },
                                    "city": {
                                        "description": "The city of the company",
                                        "type": "string",
                                        "example": "lahore"
                                    },
                                    "country": {
                                        "description": "The country of the company",
                                        "type": "string",
                                        "example": "pakistan"
                                    },
                                    "state": {
                                        "description": "The state of the company =>nullable",
                                        "type": "string",
                                        "example": "state"
                                    },
                                    "zip_code": {
                                        "description": "The zip_code of the company =>nullable",
                                        "type": "number",
                                        "example": "12345"
                                    },
                                    "registration_no": {
                                        "description": "The registration_no of the company =>nullable",
                                        "type": "number",
                                        "example": "12345"
                                    },
                                    "logo_media_id": {
                                        "description": "The logo_media_id of the company=>nullable",
                                        "type": "file",
                                        "example": ""
                                    },
                                    "document_media_id": {
                                        "description": "The document_media_id of the company =>nullable",
                                        "type": "file",
                                        "example": ""
                                    },
                                    "note": {
                                        "description": "The notes for the company =>nullable",
                                        "type": "string",
                                        "example": "abc"
                                    },
                                    "branch": {
                                        "description": "The branch of the company =>nullable",
                                        "type": "string",
                                        "example": "lahore branch"
                                    },
                                    "phone_no": {
                                        "description": "The phone_no of the company=>nullable",
                                        "type": "number",
                                        "example": "03452987687"
                                    }
                                },
                                "type": "object"
                            }
                        }
                    }
                },
                "responses": {
                    "200": {
                        "description": "Company updated successfully"
                    },
                    "401": {
                        "description": "Unauthorized"
                    },
                    "422": {
                        "description": "Validation failed"
                    }
                }
            }
        },
        "/api/designation": {
            "get": {
                "tags": [
                    "Designation"
                ],
                "summary": "Get All designations",
                "description": "This endpoint retrieves information about something.",
                "operationId": "6cfbb9d7c27f0a43a57a2806f19ddfd9",
                "responses": {
                    "200": {
                        "description": "Successful operation"
                    },
                    "401": {
                        "description": "Unauthorized"
                    }
                }
            },
            "post": {
                "tags": [
                    "Designation"
                ],
                "summary": "Create a new designation",
                "description": "This endpoint creates a new designation.",
                "operationId": "961b7d0f5737fd844911a2cc36aa95a4",
                "requestBody": {
                    "content": {
                        "application/x-www-form-urlencoded": {
                            "schema": {
                                "properties": {
                                    "title": {
                                        "description": "The name of the designation => required",
                                        "type": "string",
                                        "example": "newdesignation"
                                    },
                                    "status": {
                                        "description": "The status of the designation =>required",
                                        "type": "string",
                                        "example": "active"
                                    }
                                },
                                "type": "object"
                            }
                        }
                    }
                },
                "responses": {
                    "201": {
                        "description": "designation created successfully"
                    },
                    "401": {
                        "description": "Unauthorized"
                    },
                    "422": {
                        "description": "Validation failed"
                    }
                }
            }
        },
        "/api/designation/{id}": {
            "get": {
                "tags": [
                    "Designation"
                ],
                "summary": "GET The designation",
                "description": "This endpoint Gives a specific  designation.",
                "operationId": "63d1e461f093b0c2779a4e97d0c278fb",
                "parameters": [
                    {
                        "name": "id",
                        "in": "path",
                        "description": "The ID of the designation ",
                        "required": true,
                        "schema": {
                            "type": "integer",
                            "format": "int64"
                        }
                    }
                ],
                "responses": {
                    "200": {
                        "description": "Successful operation"
                    },
                    "401": {
                        "description": "Unauthorized"
                    }
                }
            },
            "delete": {
                "tags": [
                    "Designation"
                ],
                "summary": "Delete The designation",
                "description": "This endpoint delete designation.",
                "operationId": "4c2a10e9e2a234ef8339b57b76393aa4",
                "parameters": [
                    {
                        "name": "id",
                        "in": "path",
                        "description": "The ID of the designation to be deleted",
                        "required": true,
                        "schema": {
                            "type": "integer",
                            "format": "int64"
                        }
                    }
                ],
                "responses": {
                    "200": {
                        "description": "Successful operation"
                    },
                    "401": {
                        "description": "Unauthorized"
                    }
                }
            },
            "patch": {
                "tags": [
                    "Designation"
                ],
                "summary": "Update the designation",
                "description": "This endpoint updates a designation.",
                "operationId": "5c995ae36a212ee2dfc68b896ad08164",
                "parameters": [
                    {
                        "name": "id",
                        "in": "path",
                        "description": "The ID of the designation to be updated",
                        "required": true,
                        "schema": {
                            "type": "integer",
                            "format": "int64"
                        }
                    }
                ],
                "requestBody": {
                    "required": false,
                    "content": {
                        "application/x-www-form-urlencoded": {
                            "schema": {
                                "properties": {
                                    "title": {
                                        "description": "The name of the designation => required",
                                        "type": "string",
                                        "example": "newdesignation"
                                    },
                                    "status": {
                                        "description": "The status of the designation =>required",
                                        "type": "status",
                                        "example": "active"
                                    }
                                },
                                "type": "object"
                            }
                        }
                    }
                },
                "responses": {
                    "200": {
                        "description": "designation updated successfully"
                    },
                    "401": {
                        "description": "Unauthorized"
                    },
                    "422": {
                        "description": "Validation failed"
                    }
                }
            }
        },
        "/api/duty": {
            "get": {
                "tags": [
                    "Duty"
                ],
                "summary": "Get All duties",
                "description": "This endpoint retrieves information about something.",
                "operationId": "123aabee54ef0146b2cf403200478ccd",
                "responses": {
                    "200": {
                        "description": "Successful operation"
                    },
                    "401": {
                        "description": "Unauthorized"
                    }
                }
            },
            "post": {
                "tags": [
                    "Duty"
                ],
                "summary": "Create a new duty",
                "description": "This endpoint creates a new duty.",
                "operationId": "359d2727a06e666ec7fb15685567d158",
                "requestBody": {
                    "content": {
                        "application/x-www-form-urlencoded": {
                            "schema": {
                                "properties": {
                                    "employee_id": {
                                        "description": "The employee_id of the duty => required",
                                        "type": "number",
                                        "example": "1"
                                    },
                                    "company_id": {
                                        "description": "The company_id of the duty =>required",
                                        "type": "number",
                                        "example": "1"
                                    },
                                    "policy_id": {
                                        "description": "The policy_id of the duty =>required",
                                        "type": "number",
                                        "example": "1"
                                    },
                                    "note": {
                                        "description": "The note of the duty =>nullable",
                                        "type": "string",
                                        "example": "This duty is assigned to this duty"
                                    },
                                    "joining_date": {
                                        "description": "The joining_date of the duty =>nullable",
                                        "type": "string",
                                        "format": "date",
                                        "example": "2023-11-11"
                                    },
                                    "status": {
                                        "description": "The status of the duty =>required",
                                        "type": "string",
                                        "example": "active"
                                    },
                                    "equipment_ids": {
                                        "description": "Give the ids of the equipments selected by the user using the checkboxes and please return the ids in a string seprated by commas =>required",
                                        "type": "string",
                                        "example": "1,2,3"
                                    }
                                },
                                "type": "object"
                            }
                        }
                    }
                },
                "responses": {
                    "201": {
                        "description": "duty created successfully"
                    },
                    "401": {
                        "description": "Unauthorized"
                    },
                    "422": {
                        "description": "Validation failed"
                    }
                }
            }
        },
        "/api/duty/create": {
            "get": {
                "tags": [
                    "Duty"
                ],
                "summary": "Show the form for creating the new duty with the given data ",
                "description": "This endpoint retrieves information about something.",
                "operationId": "376210eee3f4518a93822d2831114d6d",
                "responses": {
                    "200": {
                        "description": "Successful operation"
                    },
                    "401": {
                        "description": "Unauthorized"
                    }
                }
            }
        },
        "/api/duty/{id}": {
            "get": {
                "tags": [
                    "Duty"
                ],
                "summary": "GET The duty",
                "description": "This endpoint Gives a specific  duty.",
                "operationId": "0c31795186c888a340f452fd37305a17",
                "parameters": [
                    {
                        "name": "id",
                        "in": "path",
                        "description": "The ID of the duty ",
                        "required": true,
                        "schema": {
                            "type": "integer",
                            "format": "int64"
                        }
                    }
                ],
                "responses": {
                    "200": {
                        "description": "Successful operation"
                    },
                    "401": {
                        "description": "Unauthorized"
                    }
                }
            },
            "delete": {
                "tags": [
                    "Duty"
                ],
                "summary": "Delete The duty",
                "description": "This endpoint delete duty.",
                "operationId": "a931a5c685974ec7d95305ad6bc4d8f0",
                "parameters": [
                    {
                        "name": "id",
                        "in": "path",
                        "description": "The ID of the duty to be deleted",
                        "required": true,
                        "schema": {
                            "type": "integer",
                            "format": "int64"
                        }
                    }
                ],
                "responses": {
                    "200": {
                        "description": "Successful operation"
                    },
                    "401": {
                        "description": "Unauthorized"
                    }
                }
            },
            "patch": {
                "tags": [
                    "Duty"
                ],
                "summary": "Update the duty",
                "description": "This endpoint updates a duty.",
                "operationId": "afc7c1c8dce44992c0448ac0aca3b898",
                "parameters": [
                    {
                        "name": "id",
                        "in": "path",
                        "description": "The ID of the duty to be updated",
                        "required": true,
                        "schema": {
                            "type": "integer",
                            "format": "int64"
                        }
                    }
                ],
                "requestBody": {
                    "required": false,
                    "content": {
                        "application/x-www-form-urlencoded": {
                            "schema": {
                                "properties": {
                                    "employee_id": {
                                        "description": "The employee_id of the duty => required",
                                        "type": "number",
                                        "example": "1"
                                    },
                                    "company_id": {
                                        "description": "The company_id of the duty =>required",
                                        "type": "number",
                                        "example": "1"
                                    },
                                    "policy_id": {
                                        "description": "The policy_id of the duty =>required",
                                        "type": "number",
                                        "example": "1"
                                    },
                                    "note": {
                                        "description": "The note of the duty =>nullable",
                                        "type": "string",
                                        "example": "This duty is assigned to this duty"
                                    },
                                    "joining_date": {
                                        "description": "The joining_date of the duty =>nullable",
                                        "type": "string",
                                        "format": "date",
                                        "example": "2023-11-11"
                                    },
                                    "status": {
                                        "description": "The status of the duty =>required",
                                        "type": "string",
                                        "example": "active"
                                    },
                                    "equipment_ids": {
                                        "description": "Give the ids of the equipments selected by the user using the checkboxes and please return the ids in a string seprated by commas =>required",
                                        "type": "string",
                                        "example": "1,2,3"
                                    }
                                },
                                "type": "object"
                            }
                        }
                    }
                },
                "responses": {
                    "201": {
                        "description": "duty created successfully"
                    },
                    "401": {
                        "description": "Unauthorized"
                    },
                    "422": {
                        "description": "Validation failed"
                    }
                }
            }
        },
        "/api/duty/GetEmployee": {
            "post": {
                "tags": [
                    "Duty"
                ],
                "summary": "GET The Employee",
                "description": "This endpoint gives a specific employee. You just need to enter the emirates id of the employee, and it will return you the employee.",
                "operationId": "3a9e4baaf7feff644988c7c3ea3f9646",
                "requestBody": {
                    "content": {
                        "application/x-www-form-urlencoded": {
                            "schema": {
                                "properties": {
                                    "emirates_id": {
                                        "description": "The emirates_id of the duty (required)",
                                        "type": "number",
                                        "example": "12121211212"
                                    }
                                },
                                "type": "object"
                            }
                        }
                    }
                },
                "responses": {
                    "200": {
                        "description": "Successful operation"
                    },
                    "401": {
                        "description": "Unauthorized"
                    }
                }
            }
        },
        "/api/employee": {
            "get": {
                "tags": [
                    "Employee"
                ],
                "summary": "Get All employees",
                "description": "This endpoint retrieves all  employees.",
                "operationId": "00f24070078063b4ddae1072db567609",
                "responses": {
                    "200": {
                        "description": "Successful operation"
                    },
                    "401": {
                        "description": "Unauthorized"
                    }
                }
            },
            "post": {
                "tags": [
                    "Employee"
                ],
                "summary": "Create a new employee",
                "description": "This endpoint creates a new employee.",
                "operationId": "2c841e8772b18179c4389f9c3afd3528",
                "requestBody": {
                    "content": {
                        "application/x-www-form-urlencoded": {
                            "schema": {
                                "properties": {
                                    "name": {
                                        "description": "The name of the employee =>required",
                                        "type": "string",
                                        "example": "New Employee"
                                    },
                                    "phone_no": {
                                        "description": "The phon3_no of the employee => required",
                                        "type": "number",
                                        "example": "0332322112"
                                    },
                                    "gender": {
                                        "description": "The gender of the employee => required",
                                        "type": "checkbox",
                                        "example": "male"
                                    },
                                    "emirates_id": {
                                        "description": "The emirates_id of the employee => required",
                                        "type": "number",
                                        "example": "1212121211211"
                                    },
                                    "permanent_address": {
                                        "description": "The permanent_address of the employee =>required",
                                        "type": "string",
                                        "example": "lahore 123 street "
                                    },
                                    "local_address": {
                                        "description": "The local_address of the employee =>required",
                                        "type": "string",
                                        "example": "lahore 123 street "
                                    },
                                    "nationality": {
                                        "description": "The nationality of the employee =>required",
                                        "type": "strign",
                                        "example": "Pakistan"
                                    },
                                    "city": {
                                        "description": "The city of the employee =>required",
                                        "type": "string",
                                        "example": "lahore"
                                    },
                                    "acount_title": {
                                        "description": "The acount_title of the employee=>required",
                                        "type": "string",
                                        "example": "M Anas Shakoor"
                                    },
                                    "acount_no": {
                                        "description": "The acount_no of the employee =>required",
                                        "type": "number",
                                        "example": "12121212121"
                                    },
                                    "bank_name": {
                                        "description": "The bank_name for the employee =>required",
                                        "type": "string",
                                        "example": "abc"
                                    },
                                    "branch_name": {
                                        "description": "The branch_name of the employee =>required",
                                        "type": "string",
                                        "example": "lahore branch"
                                    },
                                    "status": {
                                        "description": "The status of the employee=>nullable",
                                        "type": "string",
                                        "example": "active"
                                    },
                                    "email": {
                                        "description": "The emial of the employee=>required",
                                        "type": "email",
                                        "example": "abc@gmail.com"
                                    },
                                    "state": {
                                        "description": "The state of the employee=>nullable",
                                        "type": "string",
                                        "example": "pakistan"
                                    },
                                    "zip_code": {
                                        "description": "The zip_code of the employee=>nullable",
                                        "type": "number",
                                        "example": "12121212"
                                    },
                                    "designation_id": {
                                        "description": "The designation of the employee=>nullable",
                                        "type": "integer",
                                        "example": "1"
                                    },
                                    "profile_image_id": {
                                        "description": "The profile_image of the employee=>nullable",
                                        "type": "file",
                                        "example": ""
                                    },
                                    "passport_image_id": {
                                        "description": "The passport_image of the employee=>nullable",
                                        "type": "file",
                                        "example": ""
                                    },
                                    "emirates_image_id": {
                                        "description": "The emirates_image of the employee=>nullable",
                                        "type": "file",
                                        "example": ""
                                    },
                                    "resume_image_id": {
                                        "description": "The resume_image of the employee=>nullable",
                                        "type": "file",
                                        "example": ""
                                    }
                                },
                                "type": "object"
                            }
                        }
                    }
                },
                "responses": {
                    "200": {
                        "description": "employee updated successfully"
                    },
                    "401": {
                        "description": "Unauthorized"
                    },
                    "422": {
                        "description": "Validation failed"
                    }
                }
            }
        },
        "/api/employee/create": {
            "get": {
                "tags": [
                    "Employee"
                ],
                "summary": "Get All designation",
                "description": "This endpoint retrieves all  designation related to this logged in tenant.",
                "operationId": "51582160b0e3ea866867db8e803f8b3a",
                "responses": {
                    "200": {
                        "description": "Successful operation"
                    },
                    "401": {
                        "description": "Unauthorized"
                    }
                }
            }
        },
        "/api/employee/{id}": {
            "get": {
                "tags": [
                    "Employee"
                ],
                "summary": "GET The Employee",
                "description": "This endpoint Gives a specific  Employee.",
                "operationId": "7ef475a66ade2ad4451b452b15a8b5a6",
                "parameters": [
                    {
                        "name": "id",
                        "in": "path",
                        "description": "The ID of the Employee ",
                        "required": true,
                        "schema": {
                            "type": "integer",
                            "format": "int64"
                        }
                    }
                ],
                "responses": {
                    "200": {
                        "description": "Successful operation"
                    },
                    "401": {
                        "description": "Unauthorized"
                    }
                }
            },
            "delete": {
                "tags": [
                    "Employee"
                ],
                "summary": "Delete The Employee",
                "description": "This endpoint deletes Employee.",
                "operationId": "a0d1968119936f99cadc8e5219b58db4",
                "parameters": [
                    {
                        "name": "id",
                        "in": "path",
                        "description": "The ID of the Employee to be deleted",
                        "required": true,
                        "schema": {
                            "type": "integer",
                            "format": "int64"
                        }
                    }
                ],
                "responses": {
                    "200": {
                        "description": "Successful operation"
                    },
                    "401": {
                        "description": "Unauthorized"
                    }
                }
            },
            "patch": {
                "tags": [
                    "Employee"
                ],
                "summary": "Update the employee",
                "description": "This endpoint updates a employee.",
                "operationId": "782ce8b59db3254bb471d7f6a158b020",
                "parameters": [
                    {
                        "name": "id",
                        "in": "path",
                        "description": "The ID of the employee to be updated",
                        "required": true,
                        "schema": {
                            "type": "integer",
                            "format": "int64"
                        }
                    }
                ],
                "requestBody": {
                    "required": false,
                    "content": {
                        "application/x-www-form-urlencoded": {
                            "schema": {
                                "properties": {
                                    "name": {
                                        "description": "The name of the employee =>required",
                                        "type": "string",
                                        "example": "New Employee"
                                    },
                                    "phone_no": {
                                        "description": "The phon3_no of the employee => required",
                                        "type": "number",
                                        "example": "0332322112"
                                    },
                                    "gender": {
                                        "description": "The gender of the employee => required",
                                        "type": "checkbox",
                                        "example": "male"
                                    },
                                    "emirates_id": {
                                        "description": "The emirates_id of the employee => required",
                                        "type": "number",
                                        "example": "1212121211211"
                                    },
                                    "permanent_address": {
                                        "description": "The permanent_address of the employee =>required",
                                        "type": "string",
                                        "example": "lahore 123 street "
                                    },
                                    "local_address": {
                                        "description": "The local_address of the employee =>required",
                                        "type": "string",
                                        "example": "lahore 123 street "
                                    },
                                    "nationality": {
                                        "description": "The nationality of the employee =>required",
                                        "type": "strign",
                                        "example": "Pakistan"
                                    },
                                    "city": {
                                        "description": "The city of the employee =>required",
                                        "type": "string",
                                        "example": "lahore"
                                    },
                                    "acount_title": {
                                        "description": "The acount_title of the employee=>required",
                                        "type": "string",
                                        "example": "M Anas Shakoor"
                                    },
                                    "acount_no": {
                                        "description": "The acount_no of the employee =>required",
                                        "type": "number",
                                        "example": "12121212121"
                                    },
                                    "bank_name": {
                                        "description": "The bank_name for the employee =>required",
                                        "type": "string",
                                        "example": "abc"
                                    },
                                    "branch_name": {
                                        "description": "The branch_name of the employee =>required",
                                        "type": "string",
                                        "example": "lahore branch"
                                    },
                                    "status": {
                                        "description": "The status of the employee=>nullable",
                                        "type": "string",
                                        "example": "active"
                                    },
                                    "state": {
                                        "description": "The state of the employee=>nullable",
                                        "type": "string",
                                        "example": "pakistan"
                                    },
                                    "zip_code": {
                                        "description": "The zip_code of the employee=>nullable",
                                        "type": "number",
                                        "example": "12121212"
                                    },
                                    "designation_id": {
                                        "description": "The designation of the employee=>nullable",
                                        "type": "integer",
                                        "example": "1"
                                    },
                                    "profile_image_id": {
                                        "description": "The profile_image of the employee=>nullable",
                                        "type": "file",
                                        "example": ""
                                    },
                                    "passport_image_id": {
                                        "description": "The passport_image of the employee=>nullable",
                                        "type": "file",
                                        "example": ""
                                    },
                                    "emirates_image_id": {
                                        "description": "The emirates_image of the employee=>nullable",
                                        "type": "file",
                                        "example": ""
                                    },
                                    "resume_image_id": {
                                        "description": "The resume_image of the employee=>nullable",
                                        "type": "file",
                                        "example": ""
                                    }
                                },
                                "type": "object"
                            }
                        }
                    }
                },
                "responses": {
                    "200": {
                        "description": "employee updated successfully"
                    },
                    "401": {
                        "description": "Unauthorized"
                    },
                    "422": {
                        "description": "Validation failed"
                    }
                }
            }
        },
        "/api/equipment": {
            "get": {
                "tags": [
                    "Equipment"
                ],
                "summary": "Get All equipments",
                "description": "This endpoint retrieves information about something.",
                "operationId": "2c44a71ff45eecd201cdcff51b2ba254",
                "responses": {
                    "200": {
                        "description": "Successful operation"
                    },
                    "401": {
                        "description": "Unauthorized"
                    }
                }
            },
            "post": {
                "tags": [
                    "Equipment"
                ],
                "summary": "Create a new equipment",
                "description": "This endpoint creates a new equipment.",
                "operationId": "1ad80519d8ce98f958195b6e87cd95c6",
                "requestBody": {
                    "content": {
                        "application/x-www-form-urlencoded": {
                            "schema": {
                                "properties": {
                                    "title": {
                                        "description": "The name of the equipment => required",
                                        "type": "string",
                                        "example": "gun"
                                    },
                                    "status": {
                                        "description": "The status of the equipment =>required",
                                        "type": "string",
                                        "example": "active"
                                    }
                                },
                                "type": "object"
                            }
                        }
                    }
                },
                "responses": {
                    "201": {
                        "description": "equipment created successfully"
                    },
                    "401": {
                        "description": "Unauthorized"
                    },
                    "422": {
                        "description": "Validation failed"
                    }
                }
            }
        },
        "/api/equipment/{id}": {
            "get": {
                "tags": [
                    "Equipment"
                ],
                "summary": "GET The equipment",
                "description": "This endpoint Gives a specific  equipment.",
                "operationId": "faf3b9e534573c63c8cfe9244ad05234",
                "parameters": [
                    {
                        "name": "id",
                        "in": "path",
                        "description": "The ID of the equipment ",
                        "required": true,
                        "schema": {
                            "type": "integer",
                            "format": "int64"
                        }
                    }
                ],
                "responses": {
                    "200": {
                        "description": "Successful operation"
                    },
                    "401": {
                        "description": "Unauthorized"
                    }
                }
            },
            "delete": {
                "tags": [
                    "Equipment"
                ],
                "summary": "Delete The equipment",
                "description": "This endpoint delete equipment.",
                "operationId": "20db7db0d4d1ad4195f1a893d4d6036a",
                "parameters": [
                    {
                        "name": "id",
                        "in": "path",
                        "description": "The ID of the equipment to be deleted",
                        "required": true,
                        "schema": {
                            "type": "integer",
                            "format": "int64"
                        }
                    }
                ],
                "responses": {
                    "200": {
                        "description": "Successful operation"
                    },
                    "401": {
                        "description": "Unauthorized"
                    }
                }
            },
            "patch": {
                "tags": [
                    "Equipment"
                ],
                "summary": "Update the equipment",
                "description": "This endpoint updates a equipment.",
                "operationId": "dca260a92651ce3f499e9315503f2845",
                "parameters": [
                    {
                        "name": "id",
                        "in": "path",
                        "description": "The ID of the equipment to be updated",
                        "required": true,
                        "schema": {
                            "type": "integer",
                            "format": "int64"
                        }
                    }
                ],
                "requestBody": {
                    "required": false,
                    "content": {
                        "application/x-www-form-urlencoded": {
                            "schema": {
                                "properties": {
                                    "title": {
                                        "description": "The name of the equipment => required",
                                        "type": "string",
                                        "example": "gun"
                                    },
                                    "status": {
                                        "description": "The status of the equipment =>required",
                                        "type": "status",
                                        "example": "active"
                                    }
                                },
                                "type": "object"
                            }
                        }
                    }
                },
                "responses": {
                    "200": {
                        "description": "equipment updated successfully"
                    },
                    "401": {
                        "description": "Unauthorized"
                    },
                    "422": {
                        "description": "Validation failed"
                    }
                }
            }
        },
        "/api/permission": {
            "get": {
                "tags": [
                    "Permission"
                ],
                "summary": "Get All permissions",
                "description": "This endpoint retrieves information about something.",
                "operationId": "4b8e3995891729ea0e6debd378e5e2f1",
                "responses": {
                    "200": {
                        "description": "Successful operation"
                    },
                    "401": {
                        "description": "Unauthorized"
                    }
                }
            },
            "post": {
                "tags": [
                    "Permission"
                ],
                "summary": "Create a new permission",
                "description": "This endpoint creates a new permission.",
                "operationId": "f26c653915ef914f46a28d96835c9e90",
                "requestBody": {
                    "content": {
                        "application/x-www-form-urlencoded": {
                            "schema": {
                                "properties": {
                                    "name": {
                                        "description": "The name of the permission => required",
                                        "type": "string",
                                        "example": "module.delete"
                                    }
                                },
                                "type": "object"
                            }
                        }
                    }
                },
                "responses": {
                    "201": {
                        "description": "permission created successfully"
                    },
                    "401": {
                        "description": "Unauthorized"
                    },
                    "422": {
                        "description": "Validation failed"
                    }
                }
            }
        },
        "/api/permission/{id}": {
            "get": {
                "tags": [
                    "Permission"
                ],
                "summary": "GET The permission",
                "description": "This endpoint Gives a specific  permission.",
                "operationId": "3b90a781d1da8c1e9a58874c17529268",
                "parameters": [
                    {
                        "name": "id",
                        "in": "path",
                        "description": "The ID of the permission ",
                        "required": true,
                        "schema": {
                            "type": "integer",
                            "format": "int64"
                        }
                    }
                ],
                "responses": {
                    "200": {
                        "description": "Successful operation"
                    },
                    "401": {
                        "description": "Unauthorized"
                    }
                }
            },
            "delete": {
                "tags": [
                    "Permission"
                ],
                "summary": "Delete The permission",
                "description": "This endpoint delete permission.",
                "operationId": "090078b69bb522f6a6be7ff31b8401ba",
                "parameters": [
                    {
                        "name": "id",
                        "in": "path",
                        "description": "The ID of the permission to be deleted",
                        "required": true,
                        "schema": {
                            "type": "integer",
                            "format": "int64"
                        }
                    }
                ],
                "responses": {
                    "200": {
                        "description": "Successful operation"
                    },
                    "401": {
                        "description": "Unauthorized"
                    }
                }
            },
            "patch": {
                "tags": [
                    "Permission"
                ],
                "summary": "Update the permission",
                "description": "This endpoint updates a permission.",
                "operationId": "7f3118bdad4061ed84641fb66d2bba5f",
                "parameters": [
                    {
                        "name": "id",
                        "in": "path",
                        "description": "The ID of the permission to be updated",
                        "required": true,
                        "schema": {
                            "type": "integer",
                            "format": "int64"
                        }
                    }
                ],
                "requestBody": {
                    "required": false,
                    "content": {
                        "application/x-www-form-urlencoded": {
                            "schema": {
                                "properties": {
                                    "name": {
                                        "description": "The name of the permission => required",
                                        "type": "string",
                                        "example": "module.example"
                                    }
                                },
                                "type": "object"
                            }
                        }
                    }
                },
                "responses": {
                    "200": {
                        "description": "permission updated successfully"
                    },
                    "401": {
                        "description": "Unauthorized"
                    },
                    "422": {
                        "description": "Validation failed"
                    }
                }
            }
        },
        "/api/role": {
            "get": {
                "tags": [
                    "Role"
                ],
                "summary": "Get All roles",
                "description": "This endpoint retrieves information about something.",
                "operationId": "d62852a67320a1ebf3804db58dabc321",
                "responses": {
                    "200": {
                        "description": "Successful operation"
                    },
                    "401": {
                        "description": "Unauthorized"
                    }
                }
            },
            "post": {
                "tags": [
                    "Role"
                ],
                "summary": "Create a new role",
                "description": "This endpoint creates a new role.",
                "operationId": "0dd608cfbf0e190dc52461d237598403",
                "requestBody": {
                    "content": {
                        "application/x-www-form-urlencoded": {
                            "schema": {
                                "properties": {
                                    "name": {
                                        "description": "The name of the role => required",
                                        "type": "string",
                                        "example": "newrole"
                                    },
                                    "permissions": {
                                        "description": "The The permission needed to be assigned to   the role =>required",
                                        "type": "string",
                                        "example": "company.create,company.update"
                                    }
                                },
                                "type": "object"
                            }
                        }
                    }
                },
                "responses": {
                    "201": {
                        "description": "role created successfully"
                    },
                    "401": {
                        "description": "Unauthorized"
                    },
                    "422": {
                        "description": "Validation failed"
                    }
                }
            }
        },
        "/api/role/{id}": {
            "get": {
                "tags": [
                    "Role"
                ],
                "summary": "GET The role",
                "description": "This endpoint Gives a specific  role.",
                "operationId": "6bb03c2c963fdece54d7dd92e02c7ae4",
                "parameters": [
                    {
                        "name": "id",
                        "in": "path",
                        "description": "The ID of the role ",
                        "required": true,
                        "schema": {
                            "type": "integer",
                            "format": "int64"
                        }
                    }
                ],
                "responses": {
                    "200": {
                        "description": "Successful operation"
                    },
                    "401": {
                        "description": "Unauthorized"
                    }
                }
            },
            "delete": {
                "tags": [
                    "Role"
                ],
                "summary": "Delete The role",
                "description": "This endpoint delete role.",
                "operationId": "a7b4cbb3b6b02b85bdf596dc73775f78",
                "parameters": [
                    {
                        "name": "id",
                        "in": "path",
                        "description": "The ID of the role to be deleted",
                        "required": true,
                        "schema": {
                            "type": "integer",
                            "format": "int64"
                        }
                    }
                ],
                "responses": {
                    "200": {
                        "description": "Successful operation"
                    },
                    "401": {
                        "description": "Unauthorized"
                    }
                }
            },
            "patch": {
                "tags": [
                    "Role"
                ],
                "summary": "Update the role",
                "description": "This endpoint updates a role.",
                "operationId": "a5276b53d2edc67745fbfa724e0b0dd9",
                "parameters": [
                    {
                        "name": "id",
                        "in": "path",
                        "description": "The ID of the role to be updated",
                        "required": true,
                        "schema": {
                            "type": "integer",
                            "format": "int64"
                        }
                    }
                ],
                "requestBody": {
                    "required": false,
                    "content": {
                        "application/x-www-form-urlencoded": {
                            "schema": {
                                "properties": {
                                    "name": {
                                        "description": "The name of the role => required",
                                        "type": "string",
                                        "example": "newrole"
                                    },
                                    "permissions": {
                                        "description": "The The permission needed to be assigned to   the role =>required",
                                        "type": "string",
                                        "example": "company.create,company.update"
                                    }
                                },
                                "type": "object"
                            }
                        }
                    }
                },
                "responses": {
                    "201": {
                        "description": "role created successfully"
                    },
                    "401": {
                        "description": "Unauthorized"
                    },
                    "422": {
                        "description": "Validation failed"
                    }
                }
            }
        },
        "/api/tenantreport": {
            "get": {
                "tags": [
                    "TenantReport"
                ],
                "summary": "Get the tenant report",
                "description": "This endpoint retrieves all the companies and their duties.",
                "operationId": "5fc0beb8982a38e71ef021f9b7e46542",
                "responses": {
                    "200": {
                        "description": "Successful operation"
                    },
                    "401": {
                        "description": "Unauthorized"
                    }
                }
            }
        }
    },
    "components": {
        "securitySchemes": {
            "bearerAuth": {
                "type": "http",
                "name": "Authorization",
                "in": "header",
                "bearerFormat": "JWT",
                "scheme": "bearer"
            },
            "sanctum": {
                "type": "apiKey",
                "description": "Enter token in format (Bearer <token>)",
                "name": "Authorization",
                "in": "header"
            }
        }
    },
    "tags": [
        {
            "name": "Company",
            "description": "Handling the crud of company in it."
        },
        {
            "name": "Designation",
            "description": "Handling the crud of designation in it."
        },
        {
            "name": "Duty",
            "description": "Handling the crud of Duty in it."
        },
        {
            "name": "Employee",
            "description": "Handling the crud of Employee in it."
        },
        {
            "name": "Equipment",
            "description": "Handling the crud of equipment in it."
        },
        {
            "name": "Permission",
            "description": "Handling the crud of Permission in it."
        },
        {
            "name": "Role",
            "description": "Handling the crud of Role in it."
        },
        {
            "name": "TenantReport",
            "description": "Handles the report of the tenant"
        }
    ],
    "security": [
        {
            "sanctum": []
        }
    ]
}